# timestamp;hostname;dt_0D;dt_1D;dt_3D;endTime;implicitSolver_preconditionerType;implicitSolver_solverType;memoryData;memoryPage;memoryResidentSet;memoryVirtual;nDofs;nElements;nInstancesComputedGlobally;nNodes;nRanks;rankNo;scenarioName;totalUsertime;duration_0D;n;duration_1D;n;duration_total;n;write output;n;
2018/11/19 19:56:49;nid04336;0.003;0.001;0.003;100;none;gmres;205062144;4096;91770880;1398665216;1191;1190;4;1191;48;0;gnu_beginning_of_workshop;47.62;6.60663;133336;11.15;166327;54.2268;1;35.374;199662;
2018/11/19 19:56:49;nid04336;0.003;0.001;0.003;100;none;gmres;135847936;4096;88338432;1329451008;1191;1190;4;1191;48;1;gnu_beginning_of_workshop;54.89;6.50301;133336;11.3011;166327;54.2268;1;35.3695;199662;
2018/11/19 19:56:49;nid04336;0.003;0.001;0.003;100;none;gmres;135847936;4096;87744512;1329451008;1191;1190;4;1191;48;2;gnu_beginning_of_workshop;54.36;6.49318;133336;11.3253;166327;54.2268;1;35.3545;199662;
2018/11/19 19:56:49;nid04336;0.003;0.001;0.003;100;none;gmres;135847936;4096;87191552;1329451008;1191;1190;4;1191;48;3;gnu_beginning_of_workshop;55.01;6.50218;133336;11.2997;166327;54.2268;1;35.3675;199662;
2018/11/19 19:56:49;nid04336;0.003;0.001;0.003;100;none;gmres;135847936;4096;87027712;1329451008;1191;1190;4;1191;48;4;gnu_beginning_of_workshop;55.03;6.49414;133336;11.3405;166327;54.2268;1;35.3401;199662;
2018/11/19 19:56:49;nid04336;0.003;0.001;0.003;100;none;gmres;135847936;4096;86130688;1329451008;1191;1190;4;1191;48;5;gnu_beginning_of_workshop;55.31;6.47482;133336;11.4202;166327;54.2268;1;35.2921;199662;
2018/11/19 19:56:49;nid04336;0.003;0.001;0.003;100;none;gmres;137682944;4096;88743936;1331286016;1191;1190;4;1191;48;6;gnu_beginning_of_workshop;55.02;6.48052;133336;11.3545;166327;54.2268;1;35.3496;199662;
2018/11/19 19:56:49;nid04336;0.003;0.001;0.003;100;none;gmres;135847936;4096;87187456;1329451008;1191;1190;4;1191;48;7;gnu_beginning_of_workshop;54.91;6.42247;133336;11.4406;166327;54.2268;1;35.3293;199662;
2018/11/19 19:56:49;nid04336;0.003;0.001;0.003;100;none;gmres;135847936;4096;87834624;1329451008;1191;1190;4;1191;48;8;gnu_beginning_of_workshop;54.96;6.53424;133336;11.2576;166327;54.2268;1;35.376;199662;
2018/11/19 19:56:49;nid04336;0.003;0.001;0.003;100;none;gmres;135847936;4096;87453696;1329451008;1191;1190;4;1191;48;9;gnu_beginning_of_workshop;54.92;6.49375;133336;11.3225;166327;54.2268;1;35.3573;199662;
2018/11/19 19:56:49;nid04336;0.003;0.001;0.003;100;none;gmres;135847936;4096;87126016;1329451008;1191;1190;4;1191;48;10;gnu_beginning_of_workshop;55.03;6.47154;133336;11.3483;166327;54.2268;1;35.3536;199662;
2018/11/19 19:56:49;nid04336;0.003;0.001;0.003;100;none;gmres;135847936;4096;87183360;1329451008;1191;1190;4;1191;48;11;gnu_beginning_of_workshop;54.97;6.517;133336;11.3007;166327;54.2268;1;35.358;199662;
2018/11/19 19:56:49;nid04336;0.003;0.001;0.003;100;none;gmres;135847936;4096;87248896;1329451008;1267;1266;4;1267;48;12;gnu_beginning_of_workshop;54.29;7.15095;133336;11.7225;166327;54.2202;1;34.0901;199662;
2018/11/19 19:56:49;nid04336;0.003;0.001;0.003;100;none;gmres;135847936;4096;87220224;1329451008;1267;1266;4;1267;48;13;gnu_beginning_of_workshop;54.91;6.7856;133336;12.4317;166327;54.2202;1;33.9314;199662;
2018/11/19 19:56:49;nid04336;0.003;0.001;0.003;100;none;gmres;135847936;4096;86917120;1329451008;1267;1266;4;1267;48;14;gnu_beginning_of_workshop;54.88;6.77336;133336;12.4486;166327;54.2202;1;33.9339;199662;
2018/11/19 19:56:49;nid04336;0.003;0.001;0.003;100;none;gmres;135847936;4096;86974464;1329451008;1267;1266;4;1267;48;15;gnu_beginning_of_workshop;54.85;6.79857;133336;12.4303;166327;54.2202;1;33.9228;199662;
2018/11/19 19:56:49;nid04336;0.003;0.001;0.003;100;none;gmres;135847936;4096;87875584;1329451008;1267;1266;4;1267;48;16;gnu_beginning_of_workshop;54.98;6.78115;133336;12.4511;166327;54.2202;1;33.9297;199662;
2018/11/19 19:56:49;nid04336;0.003;0.001;0.003;100;none;gmres;135847936;4096;86753280;1329451008;1267;1266;4;1267;48;17;gnu_beginning_of_workshop;55.23;6.78918;133336;12.4954;166327;54.2202;1;33.8722;199662;
2018/11/19 19:56:49;nid04336;0.003;0.001;0.003;100;none;gmres;135847936;4096;87224320;1329451008;1267;1266;4;1267;48;18;gnu_beginning_of_workshop;54.53;6.70839;133336;12.5712;166327;54.2202;1;33.8971;199662;
2018/11/19 19:56:49;nid04336;0.003;0.001;0.003;100;none;gmres;135847936;4096;87040000;1329451008;1267;1266;4;1267;48;19;gnu_beginning_of_workshop;54.86;6.69154;133336;12.5875;166327;54.2202;1;33.8992;199662;
2018/11/19 19:56:49;nid04336;0.003;0.001;0.003;100;none;gmres;135847936;4096;87650304;1329451008;1267;1266;4;1267;48;20;gnu_beginning_of_workshop;54.93;6.78766;133336;12.4373;166327;54.2202;1;33.9231;199662;
2018/11/19 19:56:49;nid04336;0.003;0.001;0.003;100;none;gmres;135847936;4096;86974464;1329451008;1267;1266;4;1267;48;21;gnu_beginning_of_workshop;55.03;6.73507;133336;12.4815;166327;54.2202;1;33.9458;199662;
2018/11/19 19:56:49;nid04336;0.003;0.001;0.003;100;none;gmres;135847936;4096;87248896;1329451008;1267;1266;4;1267;48;22;gnu_beginning_of_workshop;55.05;6.73684;133336;12.5118;166327;54.2202;1;33.9205;199662;
2018/11/19 19:56:49;nid04336;0.003;0.001;0.003;100;none;gmres;135847936;4096;87199744;1329451008;1267;1266;4;1267;48;23;gnu_beginning_of_workshop;54.96;6.82644;133336;12.3813;166327;54.2202;1;33.9363;199662;
2018/11/19 19:56:49;nid04338;0.003;0.001;0.003;100;none;gmres;205082624;4096;86712320;1400832000;1300;1299;4;1300;48;24;gnu_beginning_of_workshop;45.66;6.99062;133336;11.1323;166327;54.2202;1;35.0275;199662;
2018/11/19 19:56:49;nid04338;0.003;0.001;0.003;100;none;gmres;135847936;4096;86241280;1329451008;1300;1299;4;1300;48;25;gnu_beginning_of_workshop;54.95;6.91822;133336;11.2232;166327;54.2202;1;35.0105;199662;
2018/11/19 19:56:49;nid04338;0.003;0.001;0.003;100;none;gmres;135847936;4096;86233088;1329451008;1300;1299;4;1300;48;26;gnu_beginning_of_workshop;55.04;6.91088;133336;11.2422;166327;54.2202;1;35.0061;199662;
2018/11/19 19:56:49;nid04338;0.003;0.001;0.003;100;none;gmres;135847936;4096;85913600;1329451008;1300;1299;4;1300;48;27;gnu_beginning_of_workshop;54.49;6.8657;133336;11.2909;166327;54.2202;1;35.0034;199662;
2018/11/19 19:56:49;nid04338;0.003;0.001;0.003;100;none;gmres;135847936;4096;86282240;1329451008;1300;1299;4;1300;48;28;gnu_beginning_of_workshop;55.21;6.86309;133336;11.3201;166327;54.2202;1;34.9939;199662;
2018/11/19 19:56:49;nid04338;0.003;0.001;0.003;100;none;gmres;135847936;4096;85905408;1329451008;1300;1299;4;1300;48;29;gnu_beginning_of_workshop;55.42;6.83016;133336;11.4157;166327;54.2202;1;34.9412;199662;
2018/11/19 19:56:49;nid04338;0.003;0.001;0.003;100;none;gmres;135847936;4096;85753856;1329451008;1300;1299;4;1300;48;30;gnu_beginning_of_workshop;55.04;6.84309;133336;11.3379;166327;54.2202;1;34.9956;199662;
2018/11/19 19:56:49;nid04338;0.003;0.001;0.003;100;none;gmres;135847936;4096;85647360;1329451008;1300;1299;4;1300;48;31;gnu_beginning_of_workshop;55.12;6.80517;133336;11.3917;166327;54.2202;1;34.9869;199662;
2018/11/19 19:56:49;nid04338;0.003;0.001;0.003;100;none;gmres;135847936;4096;86302720;1329451008;1300;1299;4;1300;48;32;gnu_beginning_of_workshop;55.05;6.90346;133336;11.2145;166327;54.2202;1;35.0266;199662;
2018/11/19 19:56:49;nid04338;0.003;0.001;0.003;100;none;gmres;135847936;4096;85700608;1329451008;1300;1299;4;1300;48;33;gnu_beginning_of_workshop;55.14;6.85911;133336;11.3129;166327;54.2202;1;34.9858;199662;
2018/11/19 19:56:49;nid04338;0.003;0.001;0.003;100;none;gmres;135847936;4096;85696512;1329451008;1300;1299;4;1300;48;34;gnu_beginning_of_workshop;55;6.82717;133336;11.3204;166327;54.2202;1;35.0184;199662;
2018/11/19 19:56:49;nid04338;0.003;0.001;0.003;100;none;gmres;135847936;4096;85667840;1329451008;1300;1299;4;1300;48;35;gnu_beginning_of_workshop;55.02;6.91826;133336;11.2464;166327;54.2202;1;34.9856;199662;
2018/11/19 19:56:49;nid04338;0.003;0.001;0.003;100;none;gmres;135847936;4096;85995520;1329451008;1295;1294;4;1295;48;36;gnu_beginning_of_workshop;54.4;7.2051;133336;11.5903;166327;54.2481;1;34.2045;199662;
2018/11/19 19:56:49;nid04338;0.003;0.001;0.003;100;none;gmres;135847936;4096;85729280;1329451008;1295;1294;4;1295;48;37;gnu_beginning_of_workshop;55.04;6.89676;133336;12.2504;166327;54.248;1;34.039;199662;
2018/11/19 19:56:49;nid04338;0.003;0.001;0.003;100;none;gmres;135847936;4096;85733376;1329451008;1295;1294;4;1295;48;38;gnu_beginning_of_workshop;55.01;6.83913;133336;12.3194;166327;54.248;1;34.0393;199662;
2018/11/19 19:56:49;nid04338;0.003;0.001;0.003;100;none;gmres;135847936;4096;85745664;1329451008;1295;1294;4;1295;48;39;gnu_beginning_of_workshop;54.92;6.87272;133336;12.2828;166327;54.248;1;34.0372;199662;
2018/11/19 19:56:49;nid04338;0.003;0.001;0.003;100;none;gmres;135847936;4096;86228992;1329451008;1295;1294;4;1295;48;40;gnu_beginning_of_workshop;55.03;6.84728;133336;12.3344;166327;54.248;1;34.0122;199662;
2018/11/19 19:56:49;nid04338;0.003;0.001;0.003;100;none;gmres;135847936;4096;85823488;1329451008;1295;1294;4;1295;48;41;gnu_beginning_of_workshop;55.34;6.8599;133336;12.3462;166327;54.248;1;34.0003;199662;
2018/11/19 19:56:49;nid04338;0.003;0.001;0.003;100;none;gmres;135847936;4096;85766144;1329451008;1295;1294;4;1295;48;42;gnu_beginning_of_workshop;55.02;6.84273;133336;12.35;166327;54.248;1;34.0121;199662;
2018/11/19 19:56:49;nid04338;0.003;0.001;0.003;100;none;gmres;135847936;4096;85745664;1329451008;1295;1294;4;1295;48;43;gnu_beginning_of_workshop;55.12;6.80116;133336;12.4184;166327;54.248;1;33.9929;199662;
2018/11/19 19:56:49;nid04338;0.003;0.001;0.003;100;none;gmres;135847936;4096;86048768;1329451008;1295;1294;4;1295;48;44;gnu_beginning_of_workshop;55.07;6.87835;133336;12.2604;166327;54.248;1;34.04;199662;
2018/11/19 19:56:49;nid04338;0.003;0.001;0.003;100;none;gmres;135847936;4096;85729280;1329451008;1295;1294;4;1295;48;45;gnu_beginning_of_workshop;55.11;6.84017;133336;12.3418;166327;54.248;1;34.0183;199662;
2018/11/19 19:56:49;nid04338;0.003;0.001;0.003;100;none;gmres;135847936;4096;85753856;1329451008;1295;1294;4;1295;48;46;gnu_beginning_of_workshop;54.44;6.83149;133336;12.3578;166327;54.248;1;34.0049;199662;
2018/11/19 19:56:49;nid04338;0.003;0.001;0.003;100;none;gmres;135847936;4096;85389312;1329451008;1295;1294;4;1295;48;47;gnu_beginning_of_workshop;54.96;6.90514;133336;12.2386;166327;54.248;1;34.0313;199662;
# timestamp;hostname;dt_0D;dt_1D;dt_3D;endTime;implicitSolver_preconditionerType;implicitSolver_solverType;memoryData;memoryPage;memoryResidentSet;memoryVirtual;nDofs;nElements;nInstancesComputedGlobally;nNodes;nRanks;rankNo;scenarioName;totalUsertime;duration_0D;n;duration_1D;n;duration_total;n;write output;n;
2018/11/19 19:58:00;nid04336;0.003;0.001;0.003;100;none;gmres;205062144;4096;91799552;1398665216;1191;1190;4;1191;48;0;gnu_beginning_of_workshop;52.84;6.59579;133336;11.3138;166327;61.201;1;42.2089;199662;
2018/11/19 19:58:00;nid04336;0.003;0.001;0.003;100;none;gmres;135847936;4096;88440832;1329451008;1191;1190;4;1191;48;1;gnu_beginning_of_workshop;61.47;6.51075;133336;11.4493;166327;61.201;1;42.1828;199662;
2018/11/19 19:58:00;nid04336;0.003;0.001;0.003;100;none;gmres;135847936;4096;87875584;1329451008;1191;1190;4;1191;48;2;gnu_beginning_of_workshop;60.88;6.50704;133336;11.4799;166327;61.201;1;42.1553;199662;
2018/11/19 19:58:00;nid04336;0.003;0.001;0.003;100;none;gmres;135847936;4096;87019520;1329451008;1191;1190;4;1191;48;3;gnu_beginning_of_workshop;61.56;6.5133;133336;11.4378;166327;61.201;1;42.1921;199662;
2018/11/19 19:58:00;nid04336;0.003;0.001;0.003;100;none;gmres;135847936;4096;87449600;1329451008;1191;1190;4;1191;48;4;gnu_beginning_of_workshop;61.64;6.50697;133336;11.4666;166327;61.201;1;42.1748;199662;
2018/11/19 19:58:00;nid04336;0.003;0.001;0.003;100;none;gmres;135847936;4096;86233088;1329451008;1191;1190;4;1191;48;5;gnu_beginning_of_workshop;61.78;6.48323;133336;11.5534;166327;61.201;1;42.1146;199662;
2018/11/19 19:58:00;nid04336;0.003;0.001;0.003;100;none;gmres;137682944;4096;89153536;1331286016;1191;1190;4;1191;48;6;gnu_beginning_of_workshop;61.67;6.48303;133336;11.5173;166327;61.201;1;42.1462;199662;
2018/11/19 19:58:00;nid04336;0.003;0.001;0.003;100;none;gmres;135847936;4096;87326720;1329451008;1191;1190;4;1191;48;7;gnu_beginning_of_workshop;61.67;6.45497;133336;11.5451;166327;61.201;1;42.1563;199662;
2018/11/19 19:58:00;nid04336;0.003;0.001;0.003;100;none;gmres;135847936;4096;87965696;1329451008;1191;1190;4;1191;48;8;gnu_beginning_of_workshop;61.46;6.54718;133336;11.3957;166327;61.201;1;42.1937;199662;
2018/11/19 19:58:00;nid04336;0.003;0.001;0.003;100;none;gmres;135847936;4096;87560192;1329451008;1191;1190;4;1191;48;9;gnu_beginning_of_workshop;61.59;6.51519;133336;11.4421;166327;61.201;1;42.1901;199662;
2018/11/19 19:58:00;nid04336;0.003;0.001;0.003;100;none;gmres;135847936;4096;87318528;1329451008;1191;1190;4;1191;48;10;gnu_beginning_of_workshop;61.58;6.47832;133336;11.4816;166327;61.201;1;42.1951;199662;
2018/11/19 19:58:00;nid04336;0.003;0.001;0.003;100;none;gmres;135847936;4096;87265280;1329451008;1191;1190;4;1191;48;11;gnu_beginning_of_workshop;61.5;6.54898;133336;11.3978;166327;61.201;1;42.1877;199662;
2018/11/19 19:58:00;nid04336;0.003;0.001;0.003;100;none;gmres;135847936;4096;87330816;1329451008;1267;1266;4;1267;48;12;gnu_beginning_of_workshop;61.03;7.17409;133336;11.7215;166327;61.208;1;41.0563;199662;
2018/11/19 19:58:00;nid04336;0.003;0.001;0.003;100;none;gmres;135847936;4096;87298048;1329451008;1267;1266;4;1267;48;13;gnu_beginning_of_workshop;61.52;6.79567;133336;12.4702;166327;61.2079;1;40.8765;199662;
2018/11/19 19:58:00;nid04336;0.003;0.001;0.003;100;none;gmres;135847936;4096;87056384;1329451008;1267;1266;4;1267;48;14;gnu_beginning_of_workshop;61.61;6.77686;133336;12.4939;166327;61.2079;1;40.876;199662;
2018/11/19 19:58:00;nid04336;0.003;0.001;0.003;100;none;gmres;135847936;4096;87064576;1329451008;1267;1266;4;1267;48;15;gnu_beginning_of_workshop;61.56;6.7892;133336;12.4657;166327;61.208;1;40.8866;199662;
2018/11/19 19:58:00;nid04336;0.003;0.001;0.003;100;none;gmres;135847936;4096;87707648;1329451008;1267;1266;4;1267;48;16;gnu_beginning_of_workshop;61.77;6.78426;133336;12.5085;166327;61.2079;1;40.8557;199662;
2018/11/19 19:58:00;nid04336;0.003;0.001;0.003;100;none;gmres;135847936;4096;86847488;1329451008;1267;1266;4;1267;48;17;gnu_beginning_of_workshop;61.98;6.79179;133336;12.5404;166327;61.2079;1;40.8215;199662;
2018/11/19 19:58:00;nid04336;0.003;0.001;0.003;100;none;gmres;135847936;4096;87425024;1329451008;1267;1266;4;1267;48;18;gnu_beginning_of_workshop;61.14;6.70828;133336;12.5747;166327;61.2079;1;40.8732;199662;
2018/11/19 19:58:00;nid04336;0.003;0.001;0.003;100;none;gmres;135847936;4096;87121920;1329451008;1267;1266;4;1267;48;19;gnu_beginning_of_workshop;61.55;6.69268;133336;12.6123;166327;61.2079;1;40.8579;199662;
2018/11/19 19:58:00;nid04336;0.003;0.001;0.003;100;none;gmres;135847936;4096;87715840;1329451008;1267;1266;4;1267;48;20;gnu_beginning_of_workshop;61.69;6.78901;133336;12.4543;166327;61.2079;1;40.8944;199662;
2018/11/19 19:58:00;nid04336;0.003;0.001;0.003;100;none;gmres;135847936;4096;87146496;1329451008;1267;1266;4;1267;48;21;gnu_beginning_of_workshop;61.74;6.73655;133336;12.5171;166327;61.2079;1;40.8995;199662;
2018/11/19 19:58:00;nid04336;0.003;0.001;0.003;100;none;gmres;135847936;4096;87404544;1329451008;1267;1266;4;1267;48;22;gnu_beginning_of_workshop;61.6;6.73696;133336;12.5223;166327;61.2079;1;40.8957;199662;
2018/11/19 19:58:00;nid04336;0.003;0.001;0.003;100;none;gmres;135847936;4096;87277568;1329451008;1267;1266;4;1267;48;23;gnu_beginning_of_workshop;61.52;6.8516;133336;12.3601;166327;61.208;1;40.9209;199662;
2018/11/19 19:58:00;nid04338;0.003;0.001;0.003;100;none;gmres;205082624;4096;86810624;1400832000;1300;1299;4;1300;48;24;gnu_beginning_of_workshop;52.08;6.99444;133336;11.2016;166327;61.1429;1;41.8727;199662;
2018/11/19 19:58:00;nid04338;0.003;0.001;0.003;100;none;gmres;135847936;4096;86347776;1329451008;1300;1299;4;1300;48;25;gnu_beginning_of_workshop;61.64;6.9201;133336;11.3231;166327;61.1429;1;41.8377;199662;
2018/11/19 19:58:00;nid04338;0.003;0.001;0.003;100;none;gmres;135847936;4096;86343680;1329451008;1300;1299;4;1300;48;26;gnu_beginning_of_workshop;61.62;6.90736;133336;11.3685;166327;61.1429;1;41.8121;199662;
2018/11/19 19:58:00;nid04338;0.003;0.001;0.003;100;none;gmres;135847936;4096;86089728;1329451008;1300;1299;4;1300;48;27;gnu_beginning_of_workshop;60.96;6.87336;133336;11.402;166327;61.1429;1;41.8129;199662;
2018/11/19 19:58:00;nid04338;0.003;0.001;0.003;100;none;gmres;135847936;4096;86499328;1329451008;1300;1299;4;1300;48;28;gnu_beginning_of_workshop;61.64;6.84922;133336;11.4411;166327;61.1429;1;41.7986;199662;
2018/11/19 19:58:00;nid04338;0.003;0.001;0.003;100;none;gmres;135847936;4096;86110208;1329451008;1300;1299;4;1300;48;29;gnu_beginning_of_workshop;62.1;6.84654;133336;11.4972;166327;61.1429;1;41.7552;199662;
2018/11/19 19:58:00;nid04338;0.003;0.001;0.003;100;none;gmres;135847936;4096;85880832;1329451008;1300;1299;4;1300;48;30;gnu_beginning_of_workshop;61.74;6.83802;133336;11.5014;166327;61.1429;1;41.7536;199662;
2018/11/19 19:58:00;nid04338;0.003;0.001;0.003;100;none;gmres;135847936;4096;85864448;1329451008;1300;1299;4;1300;48;31;gnu_beginning_of_workshop;61.68;6.7896;133336;11.5148;166327;61.1429;1;41.8001;199662;
2018/11/19 19:58:00;nid04338;0.003;0.001;0.003;100;none;gmres;135847936;4096;86433792;1329451008;1300;1299;4;1300;48;32;gnu_beginning_of_workshop;61.78;6.90568;133336;11.3295;166327;61.1429;1;41.8322;199662;
2018/11/19 19:58:00;nid04338;0.003;0.001;0.003;100;none;gmres;135847936;4096;86069248;1329451008;1300;1299;4;1300;48;33;gnu_beginning_of_workshop;61.71;6.84784;133336;11.4064;166327;61.1429;1;41.825;199662;
2018/11/19 19:58:00;nid04338;0.003;0.001;0.003;100;none;gmres;135847936;4096;85790720;1329451008;1300;1299;4;1300;48;34;gnu_beginning_of_workshop;61.73;6.8321;133336;11.4228;166327;61.1429;1;41.8271;199662;
2018/11/19 19:58:00;nid04338;0.003;0.001;0.003;100;none;gmres;135847936;4096;85794816;1329451008;1300;1299;4;1300;48;35;gnu_beginning_of_workshop;61.83;6.91637;133336;11.3488;166327;61.1429;1;41.806;199662;
2018/11/19 19:58:00;nid04338;0.003;0.001;0.003;100;none;gmres;135847936;4096;86065152;1329451008;1295;1294;4;1295;48;36;gnu_beginning_of_workshop;60.94;7.21101;133336;11.6903;166327;61.1454;1;40.9988;199662;
2018/11/19 19:58:00;nid04338;0.003;0.001;0.003;100;none;gmres;135847936;4096;85872640;1329451008;1295;1294;4;1295;48;37;gnu_beginning_of_workshop;61.78;6.85656;133336;12.4058;166327;61.1454;1;40.8221;199662;
2018/11/19 19:58:00;nid04338;0.003;0.001;0.003;100;none;gmres;135847936;4096;85864448;1329451008;1295;1294;4;1295;48;38;gnu_beginning_of_workshop;61.67;6.86174;133336;12.4111;166327;61.1454;1;40.8145;199662;
2018/11/19 19:58:00;nid04338;0.003;0.001;0.003;100;none;gmres;135847936;4096;85893120;1329451008;1295;1294;4;1295;48;39;gnu_beginning_of_workshop;61.71;6.85969;133336;12.372;166327;61.1454;1;40.8558;199662;
2018/11/19 19:58:00;nid04338;0.003;0.001;0.003;100;none;gmres;135847936;4096;86433792;1329451008;1295;1294;4;1295;48;40;gnu_beginning_of_workshop;61.82;6.83027;133336;12.4511;166327;61.1454;1;40.811;199662;
2018/11/19 19:58:00;nid04338;0.003;0.001;0.003;100;none;gmres;135847936;4096;86138880;1329451008;1295;1294;4;1295;48;41;gnu_beginning_of_workshop;61.91;6.85472;133336;12.4538;166327;61.1454;1;40.7825;199662;
2018/11/19 19:58:00;nid04338;0.003;0.001;0.003;100;none;gmres;135847936;4096;85884928;1329451008;1295;1294;4;1295;48;42;gnu_beginning_of_workshop;61.74;6.82937;133336;12.4275;166327;61.1454;1;40.84;199662;
2018/11/19 19:58:00;nid04338;0.003;0.001;0.003;100;none;gmres;135847936;4096;85884928;1329451008;1295;1294;4;1295;48;43;gnu_beginning_of_workshop;61.58;6.77573;133336;12.5545;166327;61.1454;1;40.7774;199662;
2018/11/19 19:58:00;nid04338;0.003;0.001;0.003;100;none;gmres;135847936;4096;86167552;1329451008;1295;1294;4;1295;48;44;gnu_beginning_of_workshop;61.71;6.87432;133336;12.3747;166327;61.1454;1;40.826;199662;
2018/11/19 19:58:00;nid04338;0.003;0.001;0.003;100;none;gmres;135847936;4096;85897216;1329451008;1295;1294;4;1295;48;45;gnu_beginning_of_workshop;61.66;6.83562;133336;12.4093;166327;61.1454;1;40.8408;199662;
2018/11/19 19:58:00;nid04338;0.003;0.001;0.003;100;none;gmres;135847936;4096;85843968;1329451008;1295;1294;4;1295;48;46;gnu_beginning_of_workshop;61;6.82762;133336;12.4537;166327;61.1454;1;40.8079;199662;
2018/11/19 19:58:00;nid04338;0.003;0.001;0.003;100;none;gmres;135847936;4096;85553152;1329451008;1295;1294;4;1295;48;47;gnu_beginning_of_workshop;61.76;6.88237;133336;12.3663;166327;61.1454;1;40.8202;199662;
# timestamp;hostname;dt_0D;dt_1D;dt_3D;endTime;implicitSolver_preconditionerType;implicitSolver_solverType;memoryData;memoryPage;memoryResidentSet;memoryVirtual;nDofs;nElements;nInstancesComputedGlobally;nNodes;nRanks;rankNo;scenarioName;totalUsertime;duration_0D;n;duration_1D;n;duration_total;n;write output;n;
2018/11/19 19:59:14;nid04336;0.003;0.001;0.003;100;none;gmres;205062144;4096;91795456;1398665216;1191;1190;4;1191;48;0;gnu_beginning_of_workshop;54.13;6.63167;133336;11.2442;166327;63.4899;1;44.535;199662;
2018/11/19 19:59:14;nid04336;0.003;0.001;0.003;100;none;gmres;135847936;4096;88297472;1329451008;1191;1190;4;1191;48;1;gnu_beginning_of_workshop;63.76;6.54537;133336;11.3741;166327;63.49;1;44.5069;199662;
2018/11/19 19:59:14;nid04336;0.003;0.001;0.003;100;none;gmres;135847936;4096;87859200;1329451008;1191;1190;4;1191;48;2;gnu_beginning_of_workshop;63.09;6.52518;133336;11.4045;166327;63.49;1;44.4982;199662;
2018/11/19 19:59:14;nid04336;0.003;0.001;0.003;100;none;gmres;135847936;4096;87166976;1329451008;1191;1190;4;1191;48;3;gnu_beginning_of_workshop;63.67;6.52683;133336;11.4025;166327;63.49;1;44.5086;199662;
2018/11/19 19:59:14;nid04336;0.003;0.001;0.003;100;none;gmres;135847936;4096;87113728;1329451008;1191;1190;4;1191;48;4;gnu_beginning_of_workshop;63.72;6.51398;133336;11.4096;166327;63.49;1;44.5082;199662;
2018/11/19 19:59:14;nid04336;0.003;0.001;0.003;100;none;gmres;135847936;4096;86155264;1329451008;1191;1190;4;1191;48;5;gnu_beginning_of_workshop;63.84;6.51354;133336;11.5095;166327;63.49;1;44.4283;199662;
2018/11/19 19:59:14;nid04336;0.003;0.001;0.003;100;none;gmres;137682944;4096;88760320;1331286016;1191;1190;4;1191;48;6;gnu_beginning_of_workshop;63.98;6.4985;133336;11.477;166327;63.49;1;44.4684;199662;
2018/11/19 19:59:14;nid04336;0.003;0.001;0.003;100;none;gmres;135847936;4096;86962176;1329451008;1191;1190;4;1191;48;7;gnu_beginning_of_workshop;63.92;6.46357;133336;11.5287;166327;63.49;1;44.4633;199662;
2018/11/19 19:59:14;nid04336;0.003;0.001;0.003;100;none;gmres;135847936;4096;87896064;1329451008;1191;1190;4;1191;48;8;gnu_beginning_of_workshop;63.72;6.54376;133336;11.3676;166327;63.49;1;44.5128;199662;
2018/11/19 19:59:14;nid04336;0.003;0.001;0.003;100;none;gmres;135847936;4096;87449600;1329451008;1191;1190;4;1191;48;9;gnu_beginning_of_workshop;63.96;6.523;133336;11.4333;166327;63.49;1;44.4778;199662;
2018/11/19 19:59:14;nid04336;0.003;0.001;0.003;100;none;gmres;135847936;4096;87437312;1329451008;1191;1190;4;1191;48;10;gnu_beginning_of_workshop;63.89;6.49159;133336;11.4442;166327;63.49;1;44.4928;199662;
2018/11/19 19:59:14;nid04336;0.003;0.001;0.003;100;none;gmres;135847936;4096;87187456;1329451008;1191;1190;4;1191;48;11;gnu_beginning_of_workshop;63.77;6.54876;133336;11.3712;166327;63.49;1;44.4998;199662;
2018/11/19 19:59:14;nid04336;0.003;0.001;0.003;100;none;gmres;135847936;4096;87535616;1329451008;1267;1266;4;1267;48;12;gnu_beginning_of_workshop;63.17;7.18653;133336;11.7289;166327;63.4985;1;43.3387;199662;
2018/11/19 19:59:14;nid04336;0.003;0.001;0.003;100;none;gmres;135847936;4096;87199744;1329451008;1267;1266;4;1267;48;13;gnu_beginning_of_workshop;63.8;6.78481;133336;12.5151;166327;63.4985;1;43.1357;199662;
2018/11/19 19:59:14;nid04336;0.003;0.001;0.003;100;none;gmres;135847936;4096;86978560;1329451008;1267;1266;4;1267;48;14;gnu_beginning_of_workshop;63.88;6.79265;133336;12.4897;166327;63.4985;1;43.1538;199662;
2018/11/19 19:59:14;nid04336;0.003;0.001;0.003;100;none;gmres;135847936;4096;86945792;1329451008;1267;1266;4;1267;48;15;gnu_beginning_of_workshop;63.75;6.7968;133336;12.4844;166327;63.4985;1;43.1558;199662;
2018/11/19 19:59:14;nid04336;0.003;0.001;0.003;100;none;gmres;135847936;4096;87691264;1329451008;1267;1266;4;1267;48;16;gnu_beginning_of_workshop;63.94;6.79176;133336;12.5107;166327;63.4985;1;43.1356;199662;
2018/11/19 19:59:14;nid04336;0.003;0.001;0.003;100;none;gmres;135847936;4096;86724608;1329451008;1267;1266;4;1267;48;17;gnu_beginning_of_workshop;64.04;6.79009;133336;12.5804;166327;63.4985;1;43.0839;199662;
2018/11/19 19:59:14;nid04336;0.003;0.001;0.003;100;none;gmres;135847936;4096;87265280;1329451008;1267;1266;4;1267;48;18;gnu_beginning_of_workshop;63.42;6.70534;133336;12.6273;166327;63.4985;1;43.1263;199662;
2018/11/19 19:59:14;nid04336;0.003;0.001;0.003;100;none;gmres;135847936;4096;87023616;1329451008;1267;1266;4;1267;48;19;gnu_beginning_of_workshop;63.95;6.70119;133336;12.641;166327;63.4985;1;43.1078;199662;
2018/11/19 19:59:14;nid04336;0.003;0.001;0.003;100;none;gmres;135847936;4096;87662592;1329451008;1267;1266;4;1267;48;20;gnu_beginning_of_workshop;63.89;6.80166;133336;12.4668;166327;63.4985;1;43.1596;199662;
2018/11/19 19:59:14;nid04336;0.003;0.001;0.003;100;none;gmres;135847936;4096;87302144;1329451008;1267;1266;4;1267;48;21;gnu_beginning_of_workshop;64;6.73897;133336;12.5805;166327;63.4985;1;43.1209;199662;
2018/11/19 19:59:14;nid04336;0.003;0.001;0.003;100;none;gmres;135847936;4096;87326720;1329451008;1267;1266;4;1267;48;22;gnu_beginning_of_workshop;63.9;6.75675;133336;12.5278;166327;63.4985;1;43.1602;199662;
2018/11/19 19:59:14;nid04336;0.003;0.001;0.003;100;none;gmres;135847936;4096;86949888;1329451008;1267;1266;4;1267;48;23;gnu_beginning_of_workshop;63.74;6.87462;133336;12.3612;166327;63.4985;1;43.1844;199662;
2018/11/19 19:59:14;nid04338;0.003;0.001;0.003;100;none;gmres;205082624;4096;86827008;1400832000;1300;1299;4;1300;48;24;gnu_beginning_of_workshop;53.12;6.97561;133336;11.0664;166327;63.4766;1;44.3716;199662;
2018/11/19 19:59:14;nid04338;0.003;0.001;0.003;100;none;gmres;135847936;4096;86364160;1329451008;1300;1299;4;1300;48;25;gnu_beginning_of_workshop;63.86;6.92171;133336;11.1617;166327;63.4766;1;44.3338;199662;
2018/11/19 19:59:14;nid04338;0.003;0.001;0.003;100;none;gmres;135847936;4096;86364160;1329451008;1300;1299;4;1300;48;26;gnu_beginning_of_workshop;63.92;6.91124;133336;11.1694;166327;63.4766;1;44.3418;199662;
2018/11/19 19:59:14;nid04338;0.003;0.001;0.003;100;none;gmres;135847936;4096;86077440;1329451008;1300;1299;4;1300;48;27;gnu_beginning_of_workshop;63.28;6.85074;133336;11.2158;166327;63.4766;1;44.3575;199662;
2018/11/19 19:59:14;nid04338;0.003;0.001;0.003;100;none;gmres;135847936;4096;86499328;1329451008;1300;1299;4;1300;48;28;gnu_beginning_of_workshop;64.09;6.85862;133336;11.2483;166327;63.4766;1;44.3125;199662;
2018/11/19 19:59:14;nid04338;0.003;0.001;0.003;100;none;gmres;135847936;4096;86114304;1329451008;1300;1299;4;1300;48;29;gnu_beginning_of_workshop;64.18;6.82501;133336;11.3612;166327;63.4766;1;44.2509;199662;
2018/11/19 19:59:14;nid04338;0.003;0.001;0.003;100;none;gmres;135847936;4096;85803008;1329451008;1300;1299;4;1300;48;30;gnu_beginning_of_workshop;63.94;6.84083;133336;11.2641;166327;63.4766;1;44.3299;199662;
2018/11/19 19:59:14;nid04338;0.003;0.001;0.003;100;none;gmres;135847936;4096;85803008;1329451008;1300;1299;4;1300;48;31;gnu_beginning_of_workshop;63.89;6.79801;133336;11.3111;166327;63.4766;1;44.3327;199662;
2018/11/19 19:59:14;nid04338;0.003;0.001;0.003;100;none;gmres;135847936;4096;86441984;1329451008;1300;1299;4;1300;48;32;gnu_beginning_of_workshop;63.94;6.888;133336;11.1664;166327;63.4766;1;44.3537;199662;
2018/11/19 19:59:14;nid04338;0.003;0.001;0.003;100;none;gmres;135847936;4096;85987328;1329451008;1300;1299;4;1300;48;33;gnu_beginning_of_workshop;63.89;6.84959;133336;11.237;166327;63.4766;1;44.334;199662;
2018/11/19 19:59:14;nid04338;0.003;0.001;0.003;100;none;gmres;135847936;4096;85819392;1329451008;1300;1299;4;1300;48;34;gnu_beginning_of_workshop;63.71;6.84152;133336;11.2054;166327;63.4766;1;44.3664;199662;
2018/11/19 19:59:14;nid04338;0.003;0.001;0.003;100;none;gmres;135847936;4096;85827584;1329451008;1300;1299;4;1300;48;35;gnu_beginning_of_workshop;63.77;6.93699;133336;11.1328;166327;63.4766;1;44.3317;199662;
2018/11/19 19:59:14;nid04338;0.003;0.001;0.003;100;none;gmres;135847936;4096;86167552;1329451008;1295;1294;4;1295;48;36;gnu_beginning_of_workshop;63.21;7.20926;133336;11.6261;166327;63.4928;1;43.4182;199662;
2018/11/19 19:59:14;nid04338;0.003;0.001;0.003;100;none;gmres;135847936;4096;85778432;1329451008;1295;1294;4;1295;48;37;gnu_beginning_of_workshop;63.76;6.83381;133336;12.3391;166327;63.4927;1;43.2675;199662;
2018/11/19 19:59:14;nid04338;0.003;0.001;0.003;100;none;gmres;135847936;4096;85872640;1329451008;1295;1294;4;1295;48;38;gnu_beginning_of_workshop;63.86;6.83046;133336;12.3839;166327;63.4927;1;43.2303;199662;
2018/11/19 19:59:14;nid04338;0.003;0.001;0.003;100;none;gmres;135847936;4096;85876736;1329451008;1295;1294;4;1295;48;39;gnu_beginning_of_workshop;63.82;6.86775;133336;12.313;166327;63.4927;1;43.2585;199662;
2018/11/19 19:59:14;nid04338;0.003;0.001;0.003;100;none;gmres;135847936;4096;86421504;1329451008;1295;1294;4;1295;48;40;gnu_beginning_of_workshop;63.85;6.88798;133336;12.3013;166327;63.4927;1;43.2528;199662;
2018/11/19 19:59:14;nid04338;0.003;0.001;0.003;100;none;gmres;135847936;4096;86118400;1329451008;1295;1294;4;1295;48;41;gnu_beginning_of_workshop;64.09;6.8484;133336;12.3929;166327;63.4927;1;43.2023;199662;
2018/11/19 19:59:14;nid04338;0.003;0.001;0.003;100;none;gmres;135847936;4096;85839872;1329451008;1295;1294;4;1295;48;42;gnu_beginning_of_workshop;64.05;6.8143;133336;12.4211;166327;63.4927;1;43.2156;199662;
2018/11/19 19:59:14;nid04338;0.003;0.001;0.003;100;none;gmres;135847936;4096;85876736;1329451008;1295;1294;4;1295;48;43;gnu_beginning_of_workshop;63.87;6.79687;133336;12.4343;166327;63.4927;1;43.2235;199662;
2018/11/19 19:59:14;nid04338;0.003;0.001;0.003;100;none;gmres;135847936;4096;86208512;1329451008;1295;1294;4;1295;48;44;gnu_beginning_of_workshop;63.94;6.87587;133336;12.2999;166327;63.4927;1;43.2384;199662;
2018/11/19 19:59:14;nid04338;0.003;0.001;0.003;100;none;gmres;135847936;4096;85893120;1329451008;1295;1294;4;1295;48;45;gnu_beginning_of_workshop;63.89;6.83836;133336;12.3698;166327;63.4927;1;43.2224;199662;
2018/11/19 19:59:14;nid04338;0.003;0.001;0.003;100;none;gmres;135847936;4096;85868544;1329451008;1295;1294;4;1295;48;46;gnu_beginning_of_workshop;63.3;6.81982;133336;12.3971;166327;63.4927;1;43.2243;199662;
2018/11/19 19:59:14;nid04338;0.003;0.001;0.003;100;none;gmres;135847936;4096;85549056;1329451008;1295;1294;4;1295;48;47;gnu_beginning_of_workshop;63.86;6.90388;133336;12.2635;166327;63.4927;1;43.2416;199662;
